time,latitude,longitude,depth,mag,magType,nst,gap,dmin,rms,net,id,updated,place,type,horizontalError,depthError,magError,magNst,status,locationSource,magSource
2024-04-02T19:26:34.847Z,23.4096,120.2986,22.636,4.2,mwr,20,86,0.323,0.71,us,us7000m9eu,2024-06-12T21:51:51.040Z,"17 km WSW of Pizitou, Taiwan",earthquake,2.5,6.486,0.068,21,reviewed,us,us
2024-04-02T23:58:12.173Z,23.8356,121.5976,40,7.4,mww,322,17,0.337,0.93,us,us7000m9g4,2026-06-25T10:54:32.203Z,"15 km S of Hualien City, Taiwan",earthquake,4.73,1.877,0.027,133,reviewed,us,us
2024-04-03T00:09:31.012Z,24.1741,121.7374,32.25,5,mb,24,66,0.593,0.72,us,us7000mbhd,2024-06-12T21:51:58.040Z,"25 km NNE of Hualien City, Taiwan",earthquake,3.16,5.587,0.189,9,reviewed,us,us
2024-04-03T00:11:25.266Z,24.1021,121.6812,13.931,6.4,mww,183,50,0.63,0.77,us,us7000m9gc,2024-06-12T21:51:51.040Z,"15 km NNE of Hualien City, Taiwan",earthquake,3.79,3.485,0.062,25,reviewed,us,us
2024-04-03T00:15:33.177Z,24.1761,121.8081,33.347,4.8,mb,21,131,0.63,0.67,us,us7000mbhm,2024-06-12T21:51:58.040Z,"30 km NE of Hualien City, Taiwan",earthquake,2.5,6.344,0.227,6,reviewed,us,us
2024-04-03T00:16:25.441Z,23.8113,121.4056,36.322,4.8,mb,24,129,0.414,0.97,us,us7000mbhl,2024-06-12T21:51:58.040Z,"27 km SW of Hualien City, Taiwan",earthquake,3.34,7.085,0.185,9,reviewed,us,us
2024-04-03T00:17:16.083Z,24.0059,121.8453,35,5.1,mb,25,69,0.787,0.85,us,us7000mbhx,2024-06-12T21:51:59.040Z,"24 km E of Hualien City, Taiwan",earthquake,2.65,1.944,0.172,11,reviewed,us,us
2024-04-03T00:17:37.240Z,24.0049,121.7509,38.611,5.2,mb,58,67,0.738,0.8,us,us7000mbfm,2024-06-12T21:51:57.040Z,"15 km ENE of Hualien City, Taiwan",earthquake,4,7.242,0.099,34,reviewed,us,us
2024-04-03T00:21:01.518Z,24.1526,121.7366,35,4.7,mb,30,79,0.611,1.13,us,us7000mbep,2024-06-12T21:51:57.040Z,"23 km NE of Hualien City, Taiwan",earthquake,2.98,1.934,0.184,9,reviewed,us,us
2024-04-03T00:25:18.309Z,24.0642,121.4552,18.631,4.3,mb,27,109,0.535,0.74,us,us7000mber,2024-06-12T21:51:57.040Z,"17 km WNW of Hualien City, Taiwan",earthquake,3.12,0.918,0.239,5,reviewed,us,us
2024-04-03T00:27:01.869Z,23.8097,121.6207,25.364,4.8,mb,37,80,0.51,1.02,us,us7000mben,2024-06-12T21:51:57.040Z,"18 km S of Hualien City, Taiwan",earthquake,3.47,5.577,0.16,12,reviewed,us,us
2024-04-03T00:30:58.257Z,23.9647,121.7918,28.742,4.9,mb,43,78,0.728,0.96,us,us7000mbfq,2024-06-12T21:51:58.040Z,"19 km E of Hualien City, Taiwan",earthquake,4.45,5.699,0.162,12,reviewed,us,us
2024-04-03T00:31:12.301Z,23.9926,121.7893,23.2,5,mb,35,90,0.749,0.91,us,us7000mbfg,2024-06-12T21:51:57.040Z,"18 km E of Hualien City, Taiwan",earthquake,4.45,6.024,0.137,17,reviewed,us,us
2024-04-03T00:35:36.982Z,24.1511,121.6993,15.864,5.6,mb,115,49,0.594,0.69,us,us7000m9gh,2024-06-12T21:51:51.040Z,"21 km NNE of Hualien City, Taiwan",earthquake,3.29,3.182,0.062,93,reviewed,us,us
2024-04-03T00:39:42.975Z,24.2493,121.6542,30.42,4.5,mb,18,68,0.489,0.85,us,us7000mbhj,2024-06-12T21:51:58.040Z,"30 km N of Hualien City, Taiwan",earthquake,2.96,4.531,0.204,7,reviewed,us,us
2024-04-03T00:41:05.404Z,23.9965,121.5924,37.038,4.5,mb,19,93,0.62,0.9,us,us7000mbhi,2024-06-12T21:51:58.040Z,"2 km NNW of Hualien City, Taiwan",earthquake,2.94,9.713,0.221,6,reviewed,us,us
2024-04-03T00:42:44.700Z,23.8191,121.852,36.437,4.2,mb,20,88,0.663,0.55,us,us7000mbfh,2024-06-12T21:51:57.040Z,"30 km SE of Hualien City, Taiwan",earthquake,3.73,9.149,0.199,7,reviewed,us,us
2024-04-03T00:43:55.100Z,23.9995,121.5898,10.789,5.3,mb,109,52,0.619,0.7,us,us7000m9gm,2024-06-12T21:51:51.040Z,"2 km NNW of Hualien City, Taiwan",earthquake,3.77,4.569,0.063,84,reviewed,us,us
2024-04-03T00:46:44.732Z,24.1702,121.7273,14.297,5.6,mww,135,27,0.591,0.72,us,us7000m9gp,2024-06-12T21:51:52.040Z,"24 km NNE of Hualien City, Taiwan",earthquake,4.4,3.437,0.11,8,reviewed,us,us
2024-04-03T00:50:03.795Z,23.791,121.6614,34.298,4.3,mb,25,101,0.519,0.85,us,us7000mbi1,2024-06-12T21:51:59.040Z,"21 km SSE of Hualien City, Taiwan",earthquake,3.42,3.478,0.161,11,reviewed,us,us
2024-04-03T00:50:46.898Z,23.7725,121.5952,27.179,5.2,mb,92,71,0.467,0.8,us,us7000m9gx,2024-06-12T21:51:52.040Z,"22 km S of Hualien City, Taiwan",earthquake,8.19,4.131,0.071,67,reviewed,us,us
2024-04-03T00:54:09.210Z,23.8024,121.6157,35.37,4.5,mb,27,87,0.502,0.72,us,us7000mbeq,2024-06-12T21:51:57.040Z,"19 km S of Hualien City, Taiwan",earthquake,1.34,8.691,0.156,12,reviewed,us,us
2024-04-03T01:01:12.630Z,24.077,121.5601,20.884,5,mb,35,77,0.625,0.73,us,us7000mbeu,2024-06-12T21:51:57.040Z,"11 km NNW of Hualien City, Taiwan",earthquake,3.37,5.238,0.163,12,reviewed,us,us
2024-04-03T01:06:10.799Z,23.9305,121.6879,35,4.5,mb,25,86,0.644,0.65,us,us7000mbes,2024-06-12T21:51:57.040Z,"9 km ESE of Hualien City, Taiwan",earthquake,3.11,1.926,0.192,8,reviewed,us,us
2024-04-03T01:07:16.493Z,24.0671,121.7272,28.876,4.6,mb,58,78,0.68,0.67,us,us7000mbfs,2024-06-12T21:51:58.040Z,"15 km NE of Hualien City, Taiwan",earthquake,2.88,2.468,0.109,25,reviewed,us,us
2024-04-03T01:09:28.121Z,24.0918,121.8568,35,4.5,mb,39,96,6.41,0.32,us,us7000mbfr,2024-06-12T21:51:58.040Z,"28 km ENE of Hualien City, Taiwan",earthquake,9.1,1.897,0.121,20,reviewed,us,us
2024-04-03T01:09:37.061Z,24.174,121.766,10,5.2,mb,197,63,0.608,0.63,us,us7000m9h5,2024-06-12T21:51:52.040Z,"27 km NE of Hualien City, Taiwan",earthquake,3.07,1.769,0.048,143,reviewed,us,us
2024-04-03T01:13:10.456Z,24.0162,121.7192,35,4.6,mb,49,76,0.722,0.55,us,us7000mbev,2024-06-12T21:51:57.040Z,"12 km ENE of Hualien City, Taiwan",earthquake,3.16,1.897,0.107,26,reviewed,us,us
2024-04-03T01:13:44.357Z,24.0776,121.7275,35,4.2,mb,21,93,0.671,0.55,us,us7000mbi2,2024-06-12T21:51:59.040Z,"16 km NE of Hualien City, Taiwan",earthquake,2.57,1.943,0.176,9,reviewed,us,us
2024-04-03T01:15:29.465Z,23.6173,121.6986,35,4.2,mb,27,87,0.431,0.66,us,us7000mbet,2024-06-12T21:51:57.040Z,"40 km SSE of Hualien City, Taiwan",earthquake,4.12,1.917,0.167,10,reviewed,us,us
2024-04-03T01:17:41.291Z,23.9694,121.6633,26.865,5,mb,75,77,0.665,0.77,us,us7000m9h7,2024-06-12T21:51:52.040Z,"6 km E of Hualien City, Taiwan",earthquake,3.29,4.055,0.044,165,reviewed,us,us
2024-04-03T01:19:31.837Z,23.873,121.6499,6.723,5.1,mb,79,73,0.577,0.71,us,us7000mbey,2024-06-12T21:51:57.040Z,"12 km SSE of Hualien City, Taiwan",earthquake,3.35,4.426,0.075,57,reviewed,us,us
2024-04-03T01:21:41.142Z,24.0706,121.6693,27.072,4.2,mb,30,85,0.654,0.84,us,us7000mbf0,2024-06-12T21:51:57.040Z,"12 km NNE of Hualien City, Taiwan",earthquake,3.45,1.857,0.187,8,reviewed,us,us
2024-04-03T01:30:54.311Z,24.2377,121.9049,37.27,4.4,mb,42,61,0.646,0.98,us,us7000mbew,2024-06-12T21:51:57.040Z,"42 km NE of Hualien City, Taiwan",earthquake,3.32,5.42,0.12,20,reviewed,us,us
2024-04-03T01:33:27.287Z,24.0686,121.6821,35,4.4,mb,39,83,0.66,0.4,us,us7000mbex,2024-06-12T21:51:57.040Z,"12 km NE of Hualien City, Taiwan",earthquake,3.74,1.922,0.11,24,reviewed,us,us
2024-04-03T01:39:35.045Z,23.7905,121.7975,16.869,5.3,mb,99,41,0.606,0.69,us,us7000m9h9,2024-06-12T21:51:52.040Z,"28 km SE of Hualien City, Taiwan",earthquake,3.88,3.209,0.033,308,reviewed,us,us
2024-04-03T01:39:47.928Z,23.7873,121.7835,26.363,5.7,mwr,63,67,0.595,0.62,us,us7000mbfv,2024-06-12T21:51:58.040Z,"27 km SE of Hualien City, Taiwan",earthquake,4.57,3.15,0.083,14,reviewed,us,us
2024-04-03T01:41:14.834Z,23.3463,122.1012,22.496,4.8,mb,43,70,0.74,0.65,us,us7000mbi3,2024-06-12T21:51:59.040Z,"86 km SE of Hualien City, Taiwan",earthquake,2.87,5.533,0.102,30,reviewed,us,us
2024-04-03T01:47:30.781Z,24.0293,121.7536,35,4.4,mb,37,82,0.725,0.7,us,us7000mbez,2024-06-12T21:51:57.040Z,"16 km ENE of Hualien City, Taiwan",earthquake,1.99,1.927,0.115,22,reviewed,us,us
2024-04-03T01:48:58.053Z,23.7316,121.8019,10,4.5,mb,38,102,0.573,0.66,us,us7000mbfw,2024-06-12T21:51:58.040Z,"33 km SE of Hualien City, Taiwan",earthquake,2.43,1.855,0.104,27,reviewed,us,us
2024-04-03T01:49:38.775Z,23.8897,121.8988,10,5.1,mb,68,63,0.741,0.61,us,us7000m9hh,2024-06-12T21:51:52.040Z,"31 km ESE of Hualien City, Taiwan",earthquake,2.79,1.798,0.044,171,reviewed,us,us
2024-04-03T01:51:23.037Z,23.7431,121.8308,35,4.9,mb,33,89,0.601,0.51,us,us7000mbf1,2024-06-12T21:51:57.040Z,"34 km SE of Hualien City, Taiwan",earthquake,3.84,1.908,0.076,54,reviewed,us,us
2024-04-03T01:53:57.455Z,23.8817,121.5533,22.545,5.1,mb,64,69,0.541,0.66,us,us7000m9hk,2024-06-12T21:51:52.040Z,"11 km SSW of Hualien City, Taiwan",earthquake,2.36,4.292,0.042,185,reviewed,us,us
2024-04-03T01:59:11.108Z,23.7806,121.901,35,4.1,mb,28,89,0.675,0.45,us,us7000mbf2,2024-06-12T21:51:57.040Z,"37 km SE of Hualien City, Taiwan",earthquake,2.71,1.904,0.198,7,reviewed,us,us
2024-04-03T02:07:07.238Z,23.7487,121.8359,30.116,4,mb,24,73,0.608,0.74,us,us7000mbf3,2024-06-12T21:51:57.040Z,"34 km SE of Hualien City, Taiwan",earthquake,3.54,5.755,0.232,5,reviewed,us,us
2024-04-03T02:08:42.935Z,23.8145,121.7676,35,4.5,mb,37,73,0.602,0.64,us,us7000mbf4,2024-06-12T21:51:57.040Z,"24 km SE of Hualien City, Taiwan",earthquake,3.1,1.912,0.115,22,reviewed,us,us
2024-04-03T02:13:38.794Z,24.1353,121.8025,10,4.7,mb,51,77,0.659,0.35,us,us7000m9hr,2024-06-12T21:51:52.040Z,"26 km NE of Hualien City, Taiwan",earthquake,3.19,1.308,0.06,83,reviewed,us,us
2024-04-03T02:14:36.488Z,24.1954,121.9338,41.798,5.7,mwr,131,24,0.694,0.78,us,us7000m9hp,2024-06-12T21:51:52.040Z,"41 km NE of Hualien City, Taiwan",earthquake,4.24,4.338,0.06,27,reviewed,us,us
2024-04-03T02:23:27.076Z,24.2305,121.6344,35.749,5,mb,58,77,0.497,0.81,us,us7000mbf5,2024-06-12T21:51:57.040Z,"28 km N of Hualien City, Taiwan",earthquake,3.19,5.59,0.059,90,reviewed,us,us
2024-04-03T02:28:16.568Z,24.1664,121.818,13.194,5.1,mwr,107,65,0.643,0.64,us,us7000m9ht,2024-06-12T21:51:52.040Z,"30 km NE of Hualien City, Taiwan",earthquake,3.49,3.479,0.075,17,reviewed,us,us
2024-04-03T02:38:29.095Z,23.9281,121.5761,16.764,4.9,mb,40,77,0.586,0.56,us,us7000m9i3,2024-06-12T21:51:52.040Z,"6 km SSW of Hualien City, Taiwan",earthquake,2.64,4.771,0.078,51,reviewed,us,us
2024-04-03T02:44:56.739Z,24.2721,121.9006,35,4.2,mb,17,154,0.621,0.41,us,us7000mbg1,2024-06-12T21:51:58.040Z,"44 km NE of Hualien City, Taiwan",earthquake,3.52,1.908,0.187,8,reviewed,us,us
2024-04-03T02:46:32.088Z,23.8735,121.6377,35,4.5,mb,37,78,0.572,1.22,us,us7000mbf6,2024-06-12T21:51:57.040Z,"11 km SSE of Hualien City, Taiwan",earthquake,2.84,1.912,0.121,20,reviewed,us,us
2024-04-03T02:48:35.168Z,24.1723,121.9688,35,4.5,mb,40,64,0.733,0.73,us,us7000mbf8,2024-06-12T21:51:57.040Z,"42 km ENE of Hualien City, Taiwan",earthquake,3.13,1.907,0.11,24,reviewed,us,us
2024-04-03T02:51:10.930Z,23.9734,121.5,35,4.2,mb,27,79,0.533,0.79,us,us7000mbf7,2024-06-12T21:51:57.040Z,"10 km W of Hualien City, Taiwan",earthquake,2.99,1.74,0.141,14,reviewed,us,us
2024-04-03T02:54:01.418Z,23.9869,121.71,37.881,4.6,mb,37,89,0.702,0.5,us,us7000mbf9,2024-06-12T21:51:57.040Z,"10 km E of Hualien City, Taiwan",earthquake,3.11,8.489,0.122,20,reviewed,us,us
2024-04-03T03:01:40.761Z,24.219,121.7994,35,4.4,mb,45,77,0.592,0.5,us,us7000mbfb,2024-06-12T21:51:57.040Z,"33 km NE of Hualien City, Taiwan",earthquake,4.1,1.914,0.108,25,reviewed,us,us
2024-04-03T03:02:34.533Z,23.801,121.6623,10,4.6,mb,45,72,0.527,0.77,us,us7000mbhk,2024-06-12T21:51:58.040Z,"20 km SSE of Hualien City, Taiwan",earthquake,4.86,1.888,0.101,29,reviewed,us,us
2024-04-03T03:08:09.765Z,24.0606,121.8427,38.439,4.6,mb,50,79,0.741,0.82,us,us7000mbg3,2024-06-12T21:51:58.040Z,"25 km ENE of Hualien City, Taiwan",earthquake,2.42,7.661,0.111,27,reviewed,us,us
2024-04-03T03:11:43.450Z,24.1977,121.6198,35,4.4,mb,31,77,0.52,0.85,us,us7000mbfa,2024-06-12T21:51:57.040Z,"24 km N of Hualien City, Taiwan",earthquake,1.73,1.926,0.134,16,reviewed,us,us
2024-04-03T03:12:32.064Z,23.9644,121.4775,37.223,4,mb,25,103,0.51,0.87,us,us7000mbfc,2024-06-12T21:51:57.040Z,"12 km W of Hualien City, Taiwan",earthquake,2.71,8.028,0.183,8,reviewed,us,us
2024-04-03T03:14:41.946Z,24.016,121.9082,35,4.5,mb,42,83,0.812,0.55,us,us7000mbfd,2024-06-12T21:51:57.040Z,"31 km E of Hualien City, Taiwan",earthquake,3.75,1.902,0.111,24,reviewed,us,us
2024-04-03T03:20:54.461Z,24.1244,121.6638,35,4.7,mb,58,73,0.603,0.57,us,us7000m9ib,2024-06-12T21:51:52.040Z,"17 km NNE of Hualien City, Taiwan",earthquake,3.03,1.847,0.049,126,reviewed,us,us
2024-04-03T03:22:04.988Z,24.1673,121.5816,30.479,4.2,mb,24,86,0.534,0.67,us,us7000mbhq,2024-06-12T21:51:58.040Z,"21 km N of Hualien City, Taiwan",earthquake,1.79,5.915,0.159,11,reviewed,us,us
2024-04-03T03:35:20.262Z,24.1808,121.8765,11.356,4.9,mwr,67,63,0.667,0.57,us,us7000m9if,2024-06-12T21:51:52.040Z,"35 km NE of Hualien City, Taiwan",earthquake,2.31,3.354,0.06,27,reviewed,us,us
2024-04-03T03:40:04.523Z,24.179,121.6236,36.09,4.5,mb,35,65,0.538,1.03,us,us7000mbff,2024-06-12T21:51:57.040Z,"22 km N of Hualien City, Taiwan",earthquake,3.48,8.501,0.113,23,reviewed,us,us
2024-04-03T03:45:36.610Z,23.773,121.7518,26.108,4.8,mwr,53,85,0.563,0.56,us,us7000m9ir,2024-06-12T21:51:52.040Z,"27 km SSE of Hualien City, Taiwan",earthquake,2.5,4.735,0.078,16,reviewed,us,us
2024-04-03T03:49:59.824Z,23.7819,121.7576,26.879,4.1,mb,19,88,0.573,0.93,us,us7000mbhh,2024-06-12T21:51:58.040Z,"26 km SE of Hualien City, Taiwan",earthquake,3.33,4.3,0.213,6,reviewed,us,us
2024-04-03T03:57:17.840Z,23.7997,121.5444,29.509,4.9,mwr,74,80,0.465,0.61,us,us7000m9is,2024-06-12T21:51:52.040Z,"20 km SSW of Hualien City, Taiwan",earthquake,3.84,4.811,0.061,26,reviewed,us,us
2024-04-03T04:08:08.943Z,23.7009,121.7451,31.838,4.4,mwr,37,92,0.513,0.63,us,us7000m9ix,2024-06-12T21:51:52.040Z,"33 km SSE of Hualien City, Taiwan",earthquake,2.25,5.429,0.075,17,reviewed,us,us
2024-04-03T04:34:44.127Z,23.9954,121.668,45.326,4.8,mwr,72,53,0.685,0.58,us,us7000m9iz,2024-06-12T21:51:52.040Z,"6 km ENE of Hualien City, Taiwan",earthquake,3.76,6.355,0.063,24,reviewed,us,us
2024-04-03T04:36:10.809Z,24.0284,121.7173,32.802,4.7,mb,70,52,0.71,0.57,us,us7000mbg6,2024-06-12T21:51:58.040Z,"12 km ENE of Hualien City, Taiwan",earthquake,2.7,5.182,0.086,48,reviewed,us,us
2024-04-03T04:56:47.181Z,24.285,121.7399,29.186,4.6,mb,65,72,0.507,0.54,us,us7000mbfk,2024-06-12T21:51:57.040Z,"36 km NNE of Hualien City, Taiwan",earthquake,3.23,5.216,0.084,42,reviewed,us,us
2024-04-03T04:58:06.939Z,24.1779,121.6093,35,4.5,mb,35,77,0.534,0.61,us,us7000mbhr,2024-06-12T21:51:59.040Z,"22 km N of Hualien City, Taiwan",earthquake,2.42,1.917,0.106,26,reviewed,us,us
2024-04-03T05:23:52.400Z,24.0801,121.7048,42.321,4.3,mwr,73,74,0.659,0.81,us,us7000m9j6,2024-06-12T21:51:52.040Z,"15 km NE of Hualien City, Taiwan",earthquake,3.58,6.005,0.098,10,reviewed,us,us
2024-04-03T05:28:04.325Z,24.0943,121.698,13.854,4.5,mwr,112,74,0.644,0.65,us,us7000mbgf,2024-06-12T21:51:58.040Z,"16 km NE of Hualien City, Taiwan",earthquake,5.1,4.148,0.075,17,reviewed,us,us
2024-04-03T05:33:21.992Z,24.2191,121.7811,18.56,4.5,mb,38,77,0.581,1.02,us,us7000mbge,2024-06-12T21:51:58.040Z,"32 km NE of Hualien City, Taiwan",earthquake,4,1.37,0.136,16,reviewed,us,us
2024-04-03T05:38:42.575Z,23.9069,121.5768,13.91,4.5,mb,35,84,0.573,0.45,us,us7000mbfn,2024-06-12T21:51:58.040Z,"8 km SSW of Hualien City, Taiwan",earthquake,4.37,5.154,0.15,14,reviewed,us,us
2024-04-03T06:10:06.606Z,24.073,121.7402,10,4.2,mwr,67,75,0.681,0.73,us,us7000m9jn,2024-06-12T21:51:52.040Z,"17 km NE of Hualien City, Taiwan",earthquake,4.45,1.839,0.086,13,reviewed,us,us
2024-04-03T06:31:33.452Z,23.8089,121.615,10.508,4.3,mwr,78,80,0.507,0.69,us,us7000m9ju,2024-06-12T21:51:52.040Z,"18 km S of Hualien City, Taiwan",earthquake,5.36,3.036,0.065,23,reviewed,us,us
2024-04-03T06:33:57.472Z,24.1177,121.9286,11.238,4.9,mwr,80,65,0.746,0.86,us,us7000m9jv,2024-06-12T21:51:52.040Z,"36 km ENE of Hualien City, Taiwan",earthquake,6.28,4.14,0.068,21,reviewed,us,us
2024-04-03T07:05:19.727Z,24.208,121.6492,21.102,4.2,mwr,40,99,0.523,0.79,us,us7000mbft,2024-06-12T21:51:58.040Z,"25 km N of Hualien City, Taiwan",earthquake,4.51,2.49,0.08,15,reviewed,us,us
2024-04-03T07:16:57.082Z,23.7134,121.6451,10,4.3,mb,24,86,0.452,0.83,us,us7000mbfy,2024-06-12T21:51:58.040Z,"29 km S of Hualien City, Taiwan",earthquake,3.52,1.34,0.189,11,reviewed,us,us
2024-04-03T07:31:18.706Z,24.1199,121.7895,36.522,4,mwr,33,80,0.665,0.55,us,us7000mbgc,2024-06-12T21:51:58.040Z,"24 km NE of Hualien City, Taiwan",earthquake,2.19,7.892,0.075,17,reviewed,us,us
2024-04-03T08:09:47.487Z,23.697,121.5771,27.267,4.4,mb,67,73,0.397,0.73,us,us7000mbg0,2024-06-12T21:51:58.040Z,"31 km S of Hualien City, Taiwan",earthquake,4.83,5.529,0.084,41,reviewed,us,us
2024-04-03T08:17:12.045Z,24.0137,121.6086,26.281,4.3,mwr,62,46,0.64,1.1,us,us7000m9kb,2024-06-12T21:51:53.040Z,"4 km N of Hualien City, Taiwan",earthquake,3.19,1.576,0.06,27,reviewed,us,us
2024-04-03T08:38:01.172Z,23.7241,121.5348,22.426,4.3,mwr,69,73,0.396,0.72,us,us7000m9ka,2024-06-12T21:51:53.040Z,"28 km SSW of Hualien City, Taiwan",earthquake,3.37,4.389,0.065,23,reviewed,us,us
2024-04-03T08:56:29.517Z,24.0156,121.6404,20.14,4.2,mwr,94,63,0.668,0.75,us,us7000m9kk,2024-06-12T21:51:53.040Z,"5 km NE of Hualien City, Taiwan",earthquake,4.01,2.816,0.065,23,reviewed,us,us
2024-04-03T09:08:05.155Z,24.1294,121.6046,33.177,4.1,mb,15,79,0.577,0.55,us,us7000mbgm,2024-06-12T21:51:58.040Z,"16 km N of Hualien City, Taiwan",earthquake,3.65,6.487,0.233,5,reviewed,us,us
2024-04-03T09:15:01.310Z,23.8442,121.6153,26.199,4,mwr,57,83,0.536,0.42,us,us7000mbg4,2024-06-12T21:51:58.040Z,"14 km S of Hualien City, Taiwan",earthquake,2.97,5.338,0.089,12,reviewed,us,us
2024-04-03T09:20:08.753Z,23.955,121.7132,35.995,4.1,mb,33,84,0.678,0.77,us,us7000mbg5,2024-06-12T21:51:58.040Z,"11 km ESE of Hualien City, Taiwan",earthquake,2.8,9.745,0.12,19,reviewed,us,us
2024-04-03T09:40:37.492Z,24.0385,121.6421,17.133,4.1,mb,24,75,0.674,0.89,us,us7000mbg7,2024-06-12T21:51:58.040Z,"7 km NNE of Hualien City, Taiwan",earthquake,4.45,0.83,0.165,10,reviewed,us,us
2024-04-03T09:53:09.378Z,23.9646,121.6974,34.772,4,mwr,36,80,0.677,0.64,us,us7000mbg8,2024-06-12T21:51:58.040Z,"9 km E of Hualien City, Taiwan",earthquake,4.51,5.088,0.08,15,reviewed,us,us
2024-04-03T09:53:42.571Z,24.0497,121.7386,34.34,4,mb,21,133,0.7,1.06,us,us7000mbhf,2024-06-12T21:51:58.040Z,"15 km ENE of Hualien City, Taiwan",earthquake,4.79,6.155,0.172,9,reviewed,us,us
2024-04-03T10:38:55.444Z,24.1752,121.6545,33.924,4.2,mwr,48,64,0.554,0.64,us,us7000mbgd,2024-06-12T21:51:58.040Z,"22 km NNE of Hualien City, Taiwan",earthquake,3.12,5.517,0.065,23,reviewed,us,us
2024-04-03T10:56:37.589Z,23.9777,121.695,37.514,4.1,mwr,136,30,0.687,0.46,us,us7000m9kz,2024-06-12T21:51:53.040Z,"9 km E of Hualien City, Taiwan",earthquake,3.38,6.115,0.063,24,reviewed,us,us
2024-04-03T13:32:00.020Z,24.0104,121.7682,35.821,4.3,mb,29,83,0.747,0.79,us,us7000mbgp,2024-06-12T21:51:58.040Z,"17 km ENE of Hualien City, Taiwan",earthquake,2.5,9.659,0.168,10,reviewed,us,us
2024-04-03T13:41:21.522Z,23.8125,121.8381,35.049,4.2,mb,28,88,0.649,0.6,us,us7000mbgq,2024-06-12T21:51:58.040Z,"29 km SE of Hualien City, Taiwan",earthquake,1.55,8.397,0.176,9,reviewed,us,us
2024-04-03T14:38:34.755Z,24.1456,121.6943,19.542,4.1,mwr,69,73,0.597,0.5,us,us7000m9lv,2024-06-12T21:51:53.040Z,"20 km NNE of Hualien City, Taiwan",earthquake,2.95,4.394,0.06,27,reviewed,us,us
2024-04-03T14:49:15.555Z,24.1328,121.8511,25.537,4.3,mwr,80,50,0.688,0.76,us,us7000m9m0,2024-06-12T21:51:53.040Z,"30 km NE of Hualien City, Taiwan",earthquake,1.81,5.152,0.062,25,reviewed,us,us
2024-04-03T15:01:41.092Z,24.2176,121.6971,24.248,4,mwr,35,71,0.537,0.86,us,us7000mbgu,2024-06-12T21:51:58.040Z,"28 km NNE of Hualien City, Taiwan",earthquake,2.04,4.834,0.066,22,reviewed,us,us
2024-04-03T15:30:00.725Z,23.8702,121.6892,38.527,4.4,mb,32,65,0.596,0.73,us,us7000mbgw,2024-06-12T21:51:58.040Z,"14 km SE of Hualien City, Taiwan",earthquake,3.53,8.883,0.144,14,reviewed,us,us
2024-04-03T15:39:10.017Z,24.136,121.6875,25.124,4.5,mwr,144,56,0.602,0.77,us,us7000m9m4,2024-06-12T21:51:53.040Z,"19 km NNE of Hualien City, Taiwan",earthquake,4.85,5.15,0.063,24,reviewed,us,us
2024-04-03T15:42:36.205Z,24.1496,121.6838,20.011,4.5,mwr,99,56,0.589,0.6,us,us7000m9m8,2024-06-12T21:51:53.040Z,"20 km NNE of Hualien City, Taiwan",earthquake,4.18,4.384,0.061,26,reviewed,us,us
2024-04-03T15:54:39.253Z,24.1722,121.6483,25.002,4.5,mb,110,31,0.554,0.65,us,us7000m9mn,2024-06-12T21:51:53.040Z,"22 km NNE of Hualien City, Taiwan",earthquake,3.45,5.102,0.06,92,reviewed,us,us
2024-04-03T15:55:12.248Z,24.2049,121.6751,21.797,4.6,mwr,70,44,0.537,0.76,us,us7000m9mh,2024-06-12T21:51:53.040Z,"26 km NNE of Hualien City, Taiwan",earthquake,4.32,4.74,0.063,24,reviewed,us,us
2024-04-03T17:18:59.079Z,24.0434,121.795,31.395,4.1,mwr,72,79,0.731,0.72,us,us7000m9ph,2024-06-12T21:51:53.040Z,"20 km ENE of Hualien City, Taiwan",earthquake,2.67,5.044,0.068,21,reviewed,us,us
2024-04-03T17:39:11.729Z,23.8606,121.6324,21.744,4.2,mwr,89,71,0.558,0.75,us,us7000m9pl,2024-06-12T21:51:53.040Z,"13 km SSE of Hualien City, Taiwan",earthquake,4.17,5.075,0.066,22,reviewed,us,us
2024-04-03T18:29:47.827Z,23.7919,121.7943,19.696,4.9,mww,184,57,0.605,0.63,us,us7000m9q2,2024-06-12T21:51:53.040Z,"28 km SE of Hualien City, Taiwan",earthquake,3.68,3.18,0.083,14,reviewed,us,us
2024-04-03T19:07:25.523Z,23.9059,121.7144,36.409,4.3,mb,49,82,0.638,0.74,us,us7000m9q8,2024-06-12T21:51:53.040Z,"13 km SE of Hualien City, Taiwan",earthquake,3.33,8.36,0.099,29,reviewed,us,us
2024-04-03T19:46:52.700Z,23.7612,121.8012,20.372,4.5,mwr,101,83,0.59,0.8,us,us7000m9qc,2024-06-12T21:51:53.040Z,"31 km SE of Hualien City, Taiwan",earthquake,1.76,4.758,0.073,18,reviewed,us,us
2024-04-03T20:29:19.365Z,24.27,121.7986,18.648,4.1,mwr,61,61,0.554,0.62,us,us7000m9qk,2024-06-12T21:51:53.040Z,"37 km NNE of Hualien City, Taiwan",earthquake,2.5,4.347,0.071,19,reviewed,us,us
2024-04-03T21:56:12.734Z,24.1938,121.6996,22.541,4.2,mwr,81,72,0.558,0.71,us,us7000m9r0,2024-06-12T21:51:53.040Z,"25 km NNE of Hualien City, Taiwan",earthquake,4.52,5.14,0.06,27,reviewed,us,us
2024-04-03T22:46:35.721Z,23.9569,121.6906,42.985,4.3,mb,56,77,0.668,0.64,us,us7000m9r8,2024-06-12T21:51:53.040Z,"9 km ESE of Hualien City, Taiwan",earthquake,2.92,7.658,0.094,32,reviewed,us,us
2024-04-03T22:48:12.288Z,24.0452,121.7176,47.934,4.2,mwr,54,75,0.695,0.75,us,us7000mbh7,2024-06-12T21:51:58.040Z,"13 km ENE of Hualien City, Taiwan",earthquake,4.61,5.656,0.065,23,reviewed,us,us
2024-04-04T00:18:09.785Z,24.2378,121.6806,29.008,4.2,mb,26,77,0.512,0.99,us,us7000mbn0,2024-06-12T21:51:59.040Z,"29 km NNE of Hualien City, Taiwan",earthquake,3.17,4.149,0.187,8,reviewed,us,us
2024-04-04T00:32:40.955Z,24.2474,121.632,23.316,4.3,mb,31,113,0.481,0.61,us,us7000mbn1,2024-06-12T21:51:59.040Z,"30 km N of Hualien City, Taiwan",earthquake,1.77,6.031,0.129,17,reviewed,us,us
2024-04-04T01:29:07.694Z,23.7474,121.5815,10.589,4.3,mwr,63,81,0.439,0.82,us,us7000m9sb,2024-06-12T21:51:53.040Z,"25 km S of Hualien City, Taiwan",earthquake,2.57,4.832,0.062,25,reviewed,us,us
2024-04-04T02:02:55.319Z,24.2176,121.8001,18.852,4.5,mwr,55,77,0.593,0.69,us,us7000m9si,2024-06-12T21:51:53.040Z,"33 km NE of Hualien City, Taiwan",earthquake,3.06,4.061,0.058,29,reviewed,us,us
2024-04-04T03:14:29.455Z,24.002,121.6789,36.928,4.1,mwr,29,76,0.697,0.47,us,us7000m9t2,2024-06-12T21:51:53.040Z,"8 km ENE of Hualien City, Taiwan",earthquake,2.37,7.4,0.068,21,reviewed,us,us
2024-04-04T04:11:48.938Z,24.2227,121.7039,31.168,4.4,mb,41,77,0.536,0.9,us,us7000mbnd,2024-06-12T21:51:59.040Z,"29 km NNE of Hualien City, Taiwan",earthquake,3.42,5.512,0.12,20,reviewed,us,us
2024-04-04T05:00:30.740Z,24.2098,121.7837,27.771,4.5,mwr,79,78,0.59,0.61,us,us7000m9tg,2024-06-12T21:51:53.040Z,"31 km NE of Hualien City, Taiwan",earthquake,3.7,4.862,0.062,25,reviewed,us,us
2024-04-04T05:16:57.223Z,24.1688,121.7554,32.261,4.4,mb,38,78,0.607,0.71,us,us7000m9tk,2024-06-12T21:51:53.040Z,"26 km NE of Hualien City, Taiwan",earthquake,2.83,5.915,0.108,25,reviewed,us,us
2024-04-04T06:44:54.427Z,24.2365,121.873,24.859,4,mwr,23,77,0.625,0.91,us,us7000mbnx,2024-06-12T21:51:59.040Z,"39 km NE of Hualien City, Taiwan",earthquake,2.43,5.256,0.08,15,reviewed,us,us
2024-04-04T14:30:07.277Z,24.24,121.7809,24.978,4.8,mww,63,54,0.565,0.91,us,us7000m9vn,2024-06-12T21:51:53.040Z,"34 km NNE of Hualien City, Taiwan",earthquake,3.04,5.246,0.086,13,reviewed,us,us
2024-04-04T17:24:51.194Z,24.2361,121.7469,20.481,4.4,mwr,56,63,0.548,0.53,us,us7000m9xz,2024-06-12T21:51:54.040Z,"32 km NNE of Hualien City, Taiwan",earthquake,3.55,4.422,0.065,23,reviewed,us,us
2024-04-04T18:35:01.783Z,24.1458,121.6806,34.539,4.9,mww,68,73,0.591,0.77,us,us7000m9yb,2024-06-12T21:51:54.040Z,"20 km NNE of Hualien City, Taiwan",earthquake,3.74,4.239,0.083,14,reviewed,us,us
2024-04-04T18:42:37.113Z,24.2834,121.934,22.917,4.5,mb,54,70,0.638,0.36,us,us7000m9yf,2024-06-12T21:51:54.040Z,"47 km NE of Hualien City, Taiwan",earthquake,2.63,5.385,0.088,38,reviewed,us,us
2024-04-04T19:55:30.310Z,23.7707,121.8886,18.658,4.4,mb,38,89,0.66,0.69,us,us7000mbpf,2024-06-12T21:51:59.040Z,"36 km SE of Hualien City, Taiwan",earthquake,2.28,5.306,0.108,25,reviewed,us,us
2024-04-05T04:40:55.008Z,24.1814,121.7574,27.702,4.3,mwr,52,73,0.598,0.61,us,us7000ma1e,2024-06-12T21:51:54.040Z,"27 km NE of Hualien City, Taiwan",earthquake,2.36,4.86,0.075,17,reviewed,us,us
2024-04-05T04:50:51.121Z,24.0787,121.684,20.304,5,mww,81,58,0.652,0.72,us,us7000ma1f,2024-06-12T21:51:54.040Z,"13 km NE of Hualien City, Taiwan",earthquake,3.67,4.031,0.093,11,reviewed,us,us
2024-04-05T06:12:47.647Z,23.8011,121.5992,10.708,4.7,mwr,133,71,0.492,0.7,us,us7000ma1q,2024-06-12T21:51:54.040Z,"19 km S of Hualien City, Taiwan",earthquake,2.36,4.682,0.065,23,reviewed,us,us
2024-04-05T06:16:06.859Z,24.1304,121.6737,20.68,4,mwr,55,81,0.602,0.68,us,us7000mbpx,2024-06-12T21:51:59.040Z,"18 km NNE of Hualien City, Taiwan",earthquake,3.72,5.593,0.093,11,reviewed,us,us
2024-04-05T09:04:57.136Z,23.9793,121.6487,27.455,4.3,mwr,78,76,0.664,0.81,us,us7000ma2d,2024-06-12T21:51:54.040Z,"4 km E of Hualien City, Taiwan",earthquake,3.13,3.516,0.068,21,reviewed,us,us
2024-04-05T12:59:12.558Z,24.2276,121.7354,28.654,4.3,mb,34,77,0.549,0.93,us,us7000mbqg,2024-06-12T21:52:00.040Z,"30 km NNE of Hualien City, Taiwan",earthquake,3.44,4.063,0.168,10,reviewed,us,us
2024-04-05T15:00:36.463Z,24.1336,121.8445,8.048,4.9,mb,49,73,0.684,0.86,us,us7000ma78,2024-06-12T21:51:54.040Z,"29 km NE of Hualien City, Taiwan",earthquake,4.58,4.43,0.081,47,reviewed,us,us
2024-04-05T16:22:28.336Z,24.0842,121.7784,10,4.2,mwr,25,75,0.689,0.89,us,us7000mbqb,2024-06-12T21:52:00.040Z,"21 km NE of Hualien City, Taiwan",earthquake,4.1,1.89,0.071,19,reviewed,us,us
2024-04-05T18:49:23.565Z,23.8825,121.9627,17.582,4.6,mwr,127,40,0.781,0.69,us,us7000ma9w,2024-06-12T21:51:54.040Z,"37 km ESE of Hualien City, Taiwan",earthquake,3.24,3.658,0.069,20,reviewed,us,us
2024-04-05T20:12:10.587Z,24.0916,121.7075,18.734,4.5,mb,66,50,0.65,0.51,us,us7000maab,2024-06-12T21:51:54.040Z,"16 km NE of Hualien City, Taiwan",earthquake,1.68,4.156,0.088,43,reviewed,us,us
2024-04-05T20:26:26.119Z,23.8872,121.8259,21.638,4.9,mww,199,36,0.691,0.6,us,us7000maaf,2024-06-12T21:51:54.040Z,"24 km ESE of Hualien City, Taiwan",earthquake,2.44,3.819,0.083,14,reviewed,us,us
2024-04-05T21:34:12.704Z,24.0131,121.6788,19.562,4,mwr,48,76,0.7,0.61,us,us7000mabb,2024-06-12T21:51:54.040Z,"8 km ENE of Hualien City, Taiwan",earthquake,3.33,4.562,0.062,25,reviewed,us,us
2024-04-06T01:37:49.290Z,23.6327,122.0266,10,5,mb,76,87,0.711,0.85,us,us7000mace,2024-06-12T21:51:55.040Z,"57 km SE of Hualien City, Taiwan",earthquake,4.27,1.831,0.047,146,reviewed,us,us
2024-04-06T02:43:15.773Z,23.6679,122.0226,37.771,4.2,mb,19,155,0.72,0.42,us,us7000mc78,2024-06-12T21:52:00.040Z,"54 km SE of Hualien City, Taiwan",earthquake,3.18,11.975,0.186,8,reviewed,us,us
2024-04-06T03:52:54.827Z,24.1544,121.7326,26.385,4.7,mwr,78,56,0.607,0.94,us,us7000macw,2024-06-12T21:51:55.040Z,"23 km NNE of Hualien City, Taiwan",earthquake,3.51,4.392,0.062,25,reviewed,us,us
2024-04-06T06:02:19.022Z,23.9012,121.7862,22.398,4.3,mwr,46,87,0.676,0.54,us,us7000madk,2024-06-12T21:51:55.040Z,"20 km ESE of Hualien City, Taiwan",earthquake,4.06,3.63,0.065,23,reviewed,us,us
2024-04-06T06:52:33.074Z,23.8323,121.6142,29.682,4,mwr,35,80,0.526,0.75,us,us7000mc7h,2024-06-12T21:52:00.040Z,"16 km S of Hualien City, Taiwan",earthquake,3.27,5.286,0.066,22,reviewed,us,us
2024-04-06T08:10:24.695Z,23.784,121.6221,7.924,4.1,mwr,37,81,0.491,0.71,us,us7000maej,2024-06-12T21:51:55.040Z,"21 km S of Hualien City, Taiwan",earthquake,2.81,5.092,0.073,18,reviewed,us,us
2024-04-06T10:47:12.076Z,23.86,121.6946,29.453,5.2,mww,66,72,0.591,0.79,us,us7000mafi,2024-06-12T21:51:55.040Z,"15 km SE of Hualien City, Taiwan",earthquake,3.59,3.595,0.057,30,reviewed,us,us
2024-04-06T13:17:52.718Z,24.2112,121.7291,17.244,4.3,mwr,31,77,0.559,0.98,us,us7000mag8,2024-06-12T21:51:55.040Z,"28 km NNE of Hualien City, Taiwan",earthquake,3.86,4.833,0.078,16,reviewed,us,us
2024-04-06T15:43:08.940Z,24.2361,121.7536,17.403,4.3,mb,39,117,0.552,0.76,us,us7000mc7m,2024-06-12T21:52:00.040Z,"32 km NNE of Hualien City, Taiwan",earthquake,3.03,4.057,0.119,20,reviewed,us,us
2024-04-06T15:53:12.455Z,24.2043,121.8332,33.808,4.8,mwr,121,40,0.623,0.65,us,us7000magn,2024-06-12T21:51:55.040Z,"34 km NE of Hualien City, Taiwan",earthquake,2.91,4.324,0.06,27,reviewed,us,us
2024-04-06T21:04:13.430Z,24.8882,122.7937,16.855,4.1,mb,22,46,0.464,0.41,us,us7000mc81,2024-06-12T21:52:00.040Z,"51 km NNW of Yonakuni, Japan",earthquake,4.85,5.296,0.198,7,reviewed,us,us
2024-04-06T21:15:08.953Z,24.008,121.7648,18.865,4.6,mwr,70,69,0.748,0.67,us,us7000mai0,2024-06-12T21:51:56.040Z,"16 km ENE of Hualien City, Taiwan",earthquake,3.5,3.929,0.06,27,reviewed,us,us
2024-04-07T02:06:00.792Z,24.2268,121.7488,15.977,4.5,mb,41,71,0.557,0.8,us,us7000maix,2024-06-12T21:51:56.040Z,"31 km NNE of Hualien City, Taiwan",earthquake,3.34,4.626,0.108,25,reviewed,us,us
2024-04-07T05:00:07.657Z,24.0197,121.7264,37.053,4.4,mb,25,82,0.722,0.66,us,us7000mcfi,2024-06-12T21:52:00.040Z,"13 km ENE of Hualien City, Taiwan",earthquake,3.28,8.118,0.17,10,reviewed,us,us
2024-04-07T10:01:21.679Z,24.1331,122.018,36.772,4.9,mww,122,29,0.792,0.55,us,us7000mal5,2024-06-12T21:51:56.040Z,"45 km ENE of Hualien City, Taiwan",earthquake,2.19,5.146,0.083,14,reviewed,us,us
2024-04-07T10:24:38.426Z,24.067,121.6777,15.62,4.5,mb,41,66,0.66,0.91,us,us7000mal9,2024-06-12T21:51:56.040Z,"12 km NE of Hualien City, Taiwan",earthquake,2.11,5.079,0.11,24,reviewed,us,us
2024-04-07T19:58:41.174Z,23.8872,121.7073,40.883,4.1,mwr,50,85,0.62,0.67,us,us7000mani,2024-06-12T21:51:56.040Z,"14 km SE of Hualien City, Taiwan",earthquake,3.07,8,0.071,19,reviewed,us,us
2024-04-07T22:49:30.435Z,24.2276,121.8501,37.544,4.6,mb,92,62,0.617,0.54,us,us7000map5,2024-06-12T21:51:56.040Z,"37 km NE of Hualien City, Taiwan",earthquake,3.57,6.244,0.066,68,reviewed,us,us
2024-04-08T05:09:34.200Z,24.1739,121.8555,29.992,4.6,mwr,141,64,0.659,0.38,us,us7000maqf,2024-06-17T02:14:49.040Z,"33 km NE of Hualien City, Taiwan",earthquake,3.69,4.301,0.066,22,reviewed,us,us
2024-04-08T08:45:07.651Z,23.9531,121.6388,36.54,4.4,mb,61,81,0.64,0.71,us,us7000mcni,2024-06-17T02:14:50.040Z,"4 km SE of Hualien City, Taiwan",earthquake,2.56,8.448,0.079,46,reviewed,us,us
2024-04-08T18:02:37.198Z,23.8945,121.7042,36.827,4.8,mwr,84,71,0.624,0.69,us,us7000mau8,2024-06-17T02:14:52.040Z,"13 km SE of Hualien City, Taiwan",earthquake,3.74,6.944,0.061,26,reviewed,us,us
2024-04-08T22:14:06.949Z,23.9542,121.7011,24.417,4.2,mwr,67,77,0.671,0.54,us,us7000mavj,2024-06-17T02:14:53.040Z,"10 km ESE of Hualien City, Taiwan",earthquake,3.34,5.047,0.075,17,reviewed,us,us
2024-04-08T23:26:14.707Z,24.1586,121.6838,35.818,4.1,mwr,39,56,0.581,0.52,us,us7000mavz,2024-06-17T02:14:53.040Z,"21 km NNE of Hualien City, Taiwan",earthquake,3.44,1.628,0.06,27,reviewed,us,us
2024-04-09T01:33:12.653Z,23.7339,121.5659,29.814,4.4,mb,37,75,0.42,0.74,us,us7000mcw2,2024-06-17T02:14:54.040Z,"27 km S of Hualien City, Taiwan",earthquake,3.54,4.185,0.123,19,reviewed,us,us
2024-04-09T02:17:00.191Z,24.0705,121.6547,10,4,mb,17,80,0.648,0.64,us,us7000mcvu,2024-06-17T02:14:54.040Z,"11 km NNE of Hualien City, Taiwan",earthquake,2.08,1.886,0.258,4,reviewed,us,us
2024-04-09T11:43:32.247Z,24.8678,122.9223,127.376,4.3,mb,40,45,0.407,0.95,us,us7000mcwq,2024-06-17T02:14:57.040Z,"45 km N of Yonakuni, Japan",earthquake,5.74,4.926,0.119,20,reviewed,us,us
2024-04-09T21:34:44.693Z,24.074,121.7277,20.41,4.3,mwr,47,75,0.674,0.62,us,us7000mb2w,2024-06-17T02:15:00.040Z,"16 km NE of Hualien City, Taiwan",earthquake,3.11,5.035,0.063,24,reviewed,us,us
2024-04-10T09:09:44.994Z,23.8729,121.6845,34.814,4.1,mwr,44,79,0.596,0.71,us,us7000mb67,2024-06-17T02:15:03.040Z,"14 km SE of Hualien City, Taiwan",earthquake,3.35,5.307,0.065,23,reviewed,us,us
2024-04-10T11:22:58.845Z,24.0398,121.7828,27.129,4.2,mwr,43,76,0.729,0.61,us,us7000mb6d,2024-06-17T02:15:04.040Z,"19 km ENE of Hualien City, Taiwan",earthquake,2.69,5.765,0.062,25,reviewed,us,us
2024-04-10T16:55:12.547Z,24.1477,121.7763,16.962,4.5,mwr,57,74,0.635,0.65,us,us7000mb82,2024-06-17T02:15:05.040Z,"25 km NE of Hualien City, Taiwan",earthquake,2.46,3.544,0.069,20,reviewed,us,us
2024-04-12T14:19:58.698Z,22.2514,121.6659,12.204,4.6,mb,61,104,0.782,0.66,us,us7000mbmu,2024-06-17T02:15:16.040Z,"98 km ENE of Hengchun, Taiwan",earthquake,5.18,4.179,0.067,68,reviewed,us,us
2024-04-12T18:44:37.485Z,23.409,120.1613,10,4.6,mww,45,82,0.444,1.16,us,us7000mbru,2024-06-17T02:15:17.040Z,"30 km WSW of Pizitou, Taiwan",earthquake,3.16,1.8,0.068,21,reviewed,us,us
2024-04-13T12:38:48.495Z,23.6777,121.6125,10.199,4.3,mwr,80,83,0.405,0.77,us,us7000mbwf,2024-06-17T02:15:24.040Z,"33 km S of Hualien City, Taiwan",earthquake,2.73,4.761,0.063,24,reviewed,us,us
2024-04-13T14:26:35.859Z,23.9735,121.5557,16.123,4.3,mwr,35,79,0.581,1.07,us,us7000mbwq,2024-06-17T02:15:24.040Z,"4 km W of Hualien City, Taiwan",earthquake,3.54,4.13,0.063,24,reviewed,us,us
2024-04-15T18:47:44.262Z,24.0128,121.7621,38.395,4,mwr,30,82,0.743,0.62,us,us6000mt8k,2024-06-25T21:02:24.040Z,"16 km ENE of Hualien City, Taiwan",earthquake,3.39,7.102,0.06,27,reviewed,us,us
2024-04-16T18:59:48.903Z,24.0589,121.7989,27.269,4.6,mwr,62,76,0.72,0.62,us,us7000mchx,2024-06-25T21:02:50.040Z,"21 km ENE of Hualien City, Taiwan",earthquake,4.3,4.76,0.066,22,reviewed,us,us
2024-04-17T09:17:10.618Z,23.8715,121.7448,32.186,4.9,mww,108,72,0.629,0.78,us,us7000mcmb,2024-06-25T21:02:54.040Z,"18 km SE of Hualien City, Taiwan",earthquake,3.44,4.05,0.093,11,reviewed,us,us
2024-04-18T09:11:57.239Z,23.7095,121.8114,27.816,4.7,mb,46,43,0.568,1.22,us,us6000mtrr,2024-06-25T21:02:29.040Z,"36 km SE of Hualien City, Taiwan",earthquake,3.69,3.774,0.104,28,reviewed,us,us
2024-04-19T14:25:52.541Z,24.3164,121.7612,26.082,4.2,mwr,48,75,0.497,0.72,us,us7000md4t,2024-06-25T21:03:08.040Z,"40 km NNE of Hualien City, Taiwan",earthquake,2.79,4.977,0.075,17,reviewed,us,us
2024-04-20T00:35:11.204Z,24.195,121.9198,16.639,4.4,mb,53,80,0.685,0.52,us,us7000mdd0,2024-06-25T21:03:11.040Z,"40 km NE of Hualien City, Taiwan",earthquake,3.69,4.73,0.091,35,reviewed,us,us
2024-04-21T02:40:55.589Z,23.4701,121.631,28.583,5.1,mww,88,64,0.316,1.01,us,us7000mdkn,2024-06-25T21:03:19.040Z,"56 km S of Hualien City, Taiwan",earthquake,4.89,1.824,0.086,13,reviewed,us,us
2024-04-21T03:07:18.959Z,24.1322,121.7049,38.627,4.1,mwr,61,79,0.613,0.95,us,us7000mdkq,2024-06-25T21:03:19.040Z,"20 km NNE of Hualien City, Taiwan",earthquake,3.71,5.224,0.069,20,reviewed,us,us
2024-04-21T09:54:19.794Z,23.96,121.7771,33.426,4.2,mb,34,84,0.716,0.55,us,us7000mdmk,2024-06-25T21:03:22.040Z,"17 km E of Hualien City, Taiwan",earthquake,2.73,5.74,0.141,14,reviewed,us,us
2024-04-21T16:35:51.370Z,24.1634,121.6587,32.956,4.7,mwr,69,55,0.566,0.73,us,us7000mdp6,2024-06-25T21:03:23.040Z,"21 km NNE of Hualien City, Taiwan",earthquake,2.99,4.34,0.061,26,reviewed,us,us
2024-04-21T18:53:22.861Z,23.909,121.6167,25.424,4.3,mwr,72,70,0.592,0.89,us,us7000mdpu,2024-06-25T21:03:25.040Z,"7 km S of Hualien City, Taiwan",earthquake,3.46,4.885,0.069,20,reviewed,us,us
2024-04-22T09:08:39.851Z,23.6939,121.5925,16.265,5.2,mww,106,56,0.404,0.82,us,us7000mdsw,2024-07-02T22:12:14.040Z,"31 km S of Hualien City, Taiwan",earthquake,3.99,2.123,0.058,29,reviewed,us,us
2024-04-22T09:12:10.590Z,23.808,121.5579,10,5.1,mb,88,55,0.478,1.01,us,us7000mdt2,2024-07-02T22:12:16.040Z,"19 km SSW of Hualien City, Taiwan",earthquake,3.43,1.421,0.046,153,reviewed,us,us
2024-04-22T09:16:01.385Z,23.8125,121.4665,27.828,5.2,mb,66,79,0.47,1.01,us,us7000mdt0,2024-07-02T22:12:14.040Z,"23 km SW of Hualien City, Taiwan",earthquake,2.08,4.628,0.044,171,reviewed,us,us
2024-04-22T09:17:09.152Z,23.7054,121.6677,10,4.9,mb,51,88,0.461,0.95,us,us6000muxl,2024-07-02T22:12:19.040Z,"30 km SSE of Hualien City, Taiwan",earthquake,4.27,1.825,0.102,32,reviewed,us,us
2024-04-22T09:52:55.346Z,23.711,121.6326,17.783,4.8,mwr,81,80,0.442,0.91,us,us7000mdt4,2024-07-02T22:12:20.040Z,"29 km S of Hualien City, Taiwan",earthquake,3.04,4.017,0.071,19,reviewed,us,us
2024-04-22T10:08:06.832Z,23.7212,121.5745,10,4.1,mwr,43,81,0.415,0.92,us,us7000mdt8,2024-07-02T22:12:52.040Z,"28 km S of Hualien City, Taiwan",earthquake,3.51,1.812,0.08,15,reviewed,us,us
2024-04-22T10:46:10.703Z,23.7276,121.58,10,4.7,mb,55,65,0.423,0.87,us,us7000mdtb,2024-07-02T22:12:25.040Z,"27 km S of Hualien City, Taiwan",earthquake,2.5,1.874,0.059,104,reviewed,us,us
2024-04-22T10:46:21.461Z,23.6225,121.6563,10,5.3,mwr,95,60,0.664,0.84,us,us7000mdtc,2024-07-02T22:12:13.040Z,"39 km S of Hualien City, Taiwan",earthquake,3.74,1.805,0.06,27,reviewed,us,us
2024-04-22T10:49:06.722Z,23.7229,121.6381,10,5,mb,53,73,0.454,1.27,us,us6000muy0,2024-10-09T09:08:42.625Z,"28 km S of Hualien City, Taiwan",earthquake,3.57,1.626,0.088,41,reviewed,us,us
2024-04-22T10:50:30.590Z,23.7053,121.6282,10,5.6,mww,97,35,0.435,0.87,us,us7000mdti,2024-10-09T07:40:26.744Z,"30 km S of Hualien City, Taiwan",earthquake,4.25,1.717,0.052,36,reviewed,us,us
2024-04-22T10:55:24.204Z,23.7466,121.5724,10,4.6,mb,38,72,0.434,0.7,us,us6000muxs,2024-07-02T22:12:27.040Z,"25 km S of Hualien City, Taiwan",earthquake,2.15,1.814,0.151,16,reviewed,us,us
2024-04-22T11:10:13.508Z,23.7036,121.5896,10,4.8,mb,51,90,0.41,1.01,us,us7000mdtw,2024-07-02T22:12:22.040Z,"30 km S of Hualien City, Taiwan",earthquake,2.99,1.848,0.06,99,reviewed,us,us
2024-04-22T11:13:11.313Z,23.7355,121.6162,10,5.1,mb,74,65,0.45,0.93,us,us7000mdtl,2024-07-02T22:12:16.040Z,"26 km S of Hualien City, Taiwan",earthquake,3.99,1.436,0.044,169,reviewed,us,us
2024-04-22T11:22:06.826Z,23.7178,121.6017,8.139,4.8,mb,62,84,0.428,0.89,us,us6000muxu,2024-07-02T22:12:21.040Z,"28 km S of Hualien City, Taiwan",earthquake,5.07,4.136,0.058,93,reviewed,us,us
2024-04-22T11:25:14.156Z,23.5936,121.5741,10,4.8,mb,69,72,0.324,0.98,us,us7000mdtx,2024-07-02T22:12:22.040Z,"42 km S of Hualien City, Taiwan",earthquake,3.62,1.49,0.048,135,reviewed,us,us
2024-04-22T11:25:56.268Z,23.6617,121.5571,10,5,mb,55,81,0.567,0.84,us,us6000muxz,2024-07-02T22:12:17.040Z,"35 km S of Hualien City, Taiwan",earthquake,6.55,1.846,0.052,117,reviewed,us,us
2024-04-22T11:27:50.022Z,23.7058,121.7675,10,4.5,mb,53,95,6.662,0.83,us,us6000muxw,2024-07-02T22:12:33.040Z,"34 km SSE of Hualien City, Taiwan",earthquake,8.11,1.867,0.088,39,reviewed,us,us
2024-04-22T11:32:21.061Z,23.7438,121.4487,10,4.4,mb,32,94,0.376,1.19,us,us6000muyv,2024-07-02T22:12:39.040Z,"30 km SSW of Hualien City, Taiwan",earthquake,5.93,1.074,0.12,22,reviewed,us,us
2024-04-22T11:34:28.666Z,23.6965,121.6096,10,4.7,mb,115,85,0.417,0.91,us,us7000mdu7,2024-07-02T22:12:25.040Z,"31 km S of Hualien City, Taiwan",earthquake,7.45,1.858,0.071,89,reviewed,us,us
2024-04-22T11:34:37.074Z,23.6047,121.6214,10,5.2,mb,53,81,0.365,1.12,us,us6000muy1,2024-07-02T22:12:14.040Z,"41 km S of Hualien City, Taiwan",earthquake,4.95,1.842,0.058,99,reviewed,us,us
2024-04-22T11:36:39.022Z,23.7276,121.4683,10,4.4,mb,52,98,0.369,0.72,us,us6000muz1,2024-07-02T22:12:39.040Z,"30 km SSW of Hualien City, Taiwan",earthquake,6.06,1.895,0.086,39,reviewed,us,us
2024-04-22T11:44:00.447Z,23.7275,121.5713,21.887,5,mb,43,94,0.418,0.92,us,us6000muxx,2024-07-02T22:12:17.040Z,"27 km S of Hualien City, Taiwan",earthquake,4.6,4.898,0.063,80,reviewed,us,us
2024-04-22T11:45:35.666Z,23.6672,121.573,10,5.1,mb,62,80,0.373,1,us,us7000mduc,2024-07-02T22:12:16.040Z,"34 km S of Hualien City, Taiwan",earthquake,3.34,1.806,0.051,144,reviewed,us,us
2024-04-22T13:00:42.776Z,23.6873,121.5815,7.028,4.5,mwr,73,80,0.393,0.7,us,us7000mdul,2024-07-02T22:12:31.040Z,"32 km S of Hualien City, Taiwan",earthquake,3.49,4.195,0.068,21,reviewed,us,us
2024-04-22T13:02:23.366Z,23.7424,121.5137,20.568,4.6,mb,30,128,0.406,0.95,us,us6000muyu,2024-07-02T22:12:28.040Z,"27 km SSW of Hualien City, Taiwan",earthquake,3.41,6.022,0.132,17,reviewed,us,us
2024-04-22T13:13:40.535Z,23.6479,121.554,10,5.1,mww,139,74,0.347,0.69,us,us7000mdup,2024-07-02T22:12:15.040Z,"36 km S of Hualien City, Taiwan",earthquake,4.83,1.774,0.071,19,reviewed,us,us
2024-04-22T13:42:57.748Z,23.7818,121.6115,14.471,4.5,mwr,77,66,0.483,0.74,us,us7000mdut,2024-07-02T22:12:31.040Z,"21 km S of Hualien City, Taiwan",earthquake,3.12,3.272,0.068,21,reviewed,us,us
2024-04-22T14:11:22.980Z,23.7259,121.5781,8,5.8,mww,121,44,0.42,0.74,us,us7000mduw,2024-10-09T12:01:11.975Z,"27 km S of Hualien City, Taiwan",earthquake,3.45,1.734,0.062,25,reviewed,us,us
2024-04-22T14:20:09.372Z,23.716,121.618,8.222,5,mb,63,82,0.436,0.96,us,us7000mdv0,2024-07-02T22:12:18.040Z,"28 km S of Hualien City, Taiwan",earthquake,2.79,4.53,0.057,97,reviewed,us,us
2024-04-22T15:56:44.790Z,23.7402,121.5431,10.478,4.4,mwr,80,81,0.413,0.73,us,us7000mdw6,2024-07-02T22:12:37.040Z,"26 km SSW of Hualien City, Taiwan",earthquake,3.55,3.239,0.068,21,reviewed,us,us
2024-04-22T16:01:26.693Z,23.7423,121.5726,7.732,4.4,mwr,96,95,0.43,0.77,us,us6000muye,2024-07-02T22:12:37.040Z,"26 km S of Hualien City, Taiwan",earthquake,3.71,4.543,0.068,21,reviewed,us,us
2024-04-22T16:01:57.684Z,23.7037,121.6499,6.864,4.6,mb,79,83,0.448,0.64,us,us6000muz2,2024-07-02T22:12:28.040Z,"30 km S of Hualien City, Taiwan",earthquake,6.28,4.725,0.075,54,reviewed,us,us
2024-04-22T16:06:30.739Z,23.7223,121.5746,8.641,4.5,mb,49,85,0.415,0.85,us,us6000muyd,2024-07-02T22:12:33.040Z,"28 km S of Hualien City, Taiwan",earthquake,2.16,5.133,0.104,27,reviewed,us,us
2024-04-22T16:33:04.851Z,23.8,121.6418,29.521,4.1,mwr,75,80,0.514,0.71,us,us6000mszm,2024-07-02T22:12:51.040Z,"19 km S of Hualien City, Taiwan",earthquake,3.76,4.388,0.063,24,reviewed,us,us
2024-04-22T16:45:24.620Z,23.7696,121.6489,10,4,mwr,52,81,0.495,0.67,us,us6000mszu,2024-07-02T22:12:54.040Z,"23 km S of Hualien City, Taiwan",earthquake,2.86,1.884,0.068,21,reviewed,us,us
2024-04-22T17:40:24.854Z,23.757,121.5757,13.842,4.4,mwr,49,81,0.444,0.76,us,us6000mt0g,2024-07-02T22:12:36.040Z,"24 km S of Hualien City, Taiwan",earthquake,2.79,4.322,0.075,17,reviewed,us,us
2024-04-22T17:41:09.158Z,23.759,121.5045,10,4.3,mb,31,87,0.411,0.56,us,us6000mt0h,2024-07-02T22:12:43.040Z,"26 km SSW of Hualien City, Taiwan",earthquake,2.68,1.915,0.132,16,reviewed,us,us
2024-04-22T18:26:52.852Z,23.7141,121.6599,9,6.1,mww,119,35,0.462,0.76,us,us6000mt0r,2024-07-02T22:12:10.040Z,"29 km S of Hualien City, Taiwan",earthquake,2.91,1.823,0.059,28,reviewed,us,us
2024-04-22T18:31:07.939Z,23.7283,121.6169,10,4.8,mb,51,82,0.445,0.68,us,us6000muyl,2024-07-02T22:12:21.040Z,"27 km S of Hualien City, Taiwan",earthquake,2.75,1.876,0.092,37,reviewed,us,us
2024-04-22T18:31:49.658Z,23.81,121.5981,13.015,4.5,mb,21,132,0.499,0.63,us,us6000muz0,2024-07-02T22:12:33.040Z,"18 km S of Hualien City, Taiwan",earthquake,2.15,4.687,0.171,10,reviewed,us,us
2024-04-22T18:32:48.439Z,23.8586,121.5662,10,6.1,mww,120,22,0.526,0.65,us,us6000mt0s,2024-07-02T22:12:10.040Z,"13 km SSW of Hualien City, Taiwan",earthquake,2.83,1.821,0.065,23,reviewed,us,us
2024-04-22T18:39:45.339Z,23.7643,121.603,13.111,4.4,mb,37,87,0.464,0.77,us,us6000mt0w,2024-07-02T22:12:37.040Z,"23 km S of Hualien City, Taiwan",earthquake,2.69,5.138,0.123,19,reviewed,us,us
2024-04-22T18:43:23.337Z,23.6958,121.5071,18.778,4.2,mb,28,112,0.358,0.54,us,us6000muyf,2024-07-02T22:12:49.040Z,"32 km SSW of Hualien City, Taiwan",earthquake,2.76,4.778,0.136,15,reviewed,us,us
2024-04-22T18:44:22.698Z,23.8399,121.6026,12.745,4.3,mb,29,99,0.526,0.85,us,us6000muyg,2024-07-02T22:12:44.040Z,"15 km S of Hualien City, Taiwan",earthquake,2.68,4.794,0.154,12,reviewed,us,us
2024-04-22T19:00:15.652Z,23.7966,121.6724,11.867,4.2,mb,36,87,0.529,0.71,us,us6000muy5,2024-07-02T22:12:49.040Z,"21 km SSE of Hualien City, Taiwan",earthquake,2.2,3.182,0.122,19,reviewed,us,us
2024-04-22T19:13:40.398Z,23.8352,121.5874,11.772,4.6,mb,56,79,0.515,0.66,us,us6000mt11,2024-07-02T22:12:25.040Z,"15 km S of Hualien City, Taiwan",earthquake,3.21,4.303,0.068,64,reviewed,us,us
2024-04-22T19:19:53.318Z,23.7865,121.6574,8.683,5,mb,78,80,0.513,0.61,us,us6000mt18,2024-07-02T22:12:17.040Z,"21 km SSE of Hualien City, Taiwan",earthquake,3.27,4.229,0.045,155,reviewed,us,us
2024-04-22T19:25:58.153Z,23.8644,121.6955,11.257,4.6,mb,51,85,0.595,0.89,us,us6000muy7,2024-07-02T22:12:28.040Z,"15 km SE of Hualien City, Taiwan",earthquake,3.15,4.78,0.068,65,reviewed,us,us
2024-04-22T19:28:33.099Z,23.7498,121.509,16.307,4.9,mb,66,80,0.405,0.54,us,us6000mt1a,2024-07-02T22:12:18.040Z,"26 km SSW of Hualien City, Taiwan",earthquake,3.44,2.797,0.052,118,reviewed,us,us
2024-04-22T19:32:01.688Z,23.7833,121.6348,8.548,4.5,mb,43,81,0.497,0.72,us,us6000muy9,2024-07-02T22:12:33.040Z,"21 km S of Hualien City, Taiwan",earthquake,2.78,3.447,0.078,49,reviewed,us,us
2024-04-22T19:34:05.888Z,23.8144,121.5538,15.828,4.9,mb,62,93,0.481,0.73,us,us6000mt1b,2024-07-02T22:12:18.040Z,"18 km SSW of Hualien City, Taiwan",earthquake,4.26,4.74,0.054,107,reviewed,us,us
2024-04-22T20:03:06.819Z,23.7626,121.6869,8.839,5.2,mb,78,81,0.513,0.48,us,us6000mt1g,2024-07-02T22:12:14.040Z,"25 km SSE of Hualien City, Taiwan",earthquake,3.26,1.93,0.043,180,reviewed,us,us
2024-04-22T20:07:03.691Z,23.8402,121.5935,21.514,4.3,mb,36,75,0.522,0.77,us,us6000muym,2024-07-02T22:12:44.040Z,"15 km S of Hualien City, Taiwan",earthquake,4.2,6.041,0.119,20,reviewed,us,us
2024-04-22T20:49:57.856Z,23.6539,121.6164,17,5.5,mww,115,67,0.392,0.67,us,us6000mt1n,2024-10-09T08:29:19.633Z,"35 km S of Hualien City, Taiwan",earthquake,3.79,1.757,0.052,36,reviewed,us,us
2024-04-22T20:52:56.381Z,23.774,121.5625,16.114,4.9,mb,58,80,0.451,0.71,us,us6000muyn,2024-07-02T22:12:19.040Z,"22 km S of Hualien City, Taiwan",earthquake,3.6,4.434,0.092,37,reviewed,us,us
2024-04-22T21:01:58.503Z,23.7112,121.5739,10.795,4.5,mb,58,81,0.406,0.62,us,us6000muyj,2024-07-02T22:12:33.040Z,"29 km S of Hualien City, Taiwan",earthquake,3.63,5.116,0.091,36,reviewed,us,us
2024-04-22T21:04:21.907Z,23.6611,121.592,5.83,5.4,mww,223,35,0.38,0.63,us,us6000mt1q,2024-10-09T04:59:02.304Z,"35 km S of Hualien City, Taiwan",earthquake,5.92,3.197,0.061,26,reviewed,us,us
2024-04-22T21:11:00.803Z,23.7405,121.5902,11.637,4.9,mwr,81,73,0.439,0.62,us,us6000mt1t,2024-07-02T22:12:18.040Z,"26 km S of Hualien City, Taiwan",earthquake,3.91,2.782,0.078,16,reviewed,us,us
2024-04-22T21:14:46.776Z,23.7256,121.5604,14.522,4.8,mwr,118,57,0.41,0.4,us,us6000mt1u,2024-07-02T22:12:20.040Z,"28 km S of Hualien City, Taiwan",earthquake,5.88,4.346,0.073,18,reviewed,us,us
2024-04-22T21:19:35.721Z,23.7371,121.6109,9.426,5.3,mww,183,44,0.448,0.48,us,us6000mt1x,2024-07-02T22:12:12.040Z,"26 km S of Hualien City, Taiwan",earthquake,4.56,3.87,0.063,24,reviewed,us,us
2024-04-22T21:24:31.124Z,23.6968,121.6096,8.497,5.1,mwr,130,56,0.417,0.53,us,us6000mt21,2024-07-02T22:12:15.040Z,"31 km S of Hualien City, Taiwan",earthquake,5.74,3.76,0.078,16,reviewed,us,us
2024-04-22T21:26:22.109Z,23.7068,121.5604,10,4.6,mb,30,115,0.395,0.61,us,us6000muz7,2024-07-02T22:12:28.040Z,"30 km S of Hualien City, Taiwan",earthquake,2.51,1.911,0.126,19,reviewed,us,us
2024-04-22T21:31:38.398Z,23.777,121.6532,8.991,5.4,mww,209,35,0.503,0.67,us,us6000mt22,2024-10-09T09:49:08.640Z,"22 km SSE of Hualien City, Taiwan",earthquake,5.76,3.477,0.073,18,reviewed,us,us
2024-04-22T21:34:46.112Z,23.6898,121.5872,7.408,4.7,mb,36,89,0.398,0.76,us,us6000muz6,2024-07-02T22:12:23.040Z,"31 km S of Hualien City, Taiwan",earthquake,1.83,5.171,0.124,20,reviewed,us,us
2024-04-22T22:26:19.863Z,23.7554,121.4764,16.394,4,mwr,53,84,0.397,0.53,us,us6000mt2a,2024-07-02T22:12:54.040Z,"27 km SSW of Hualien City, Taiwan",earthquake,3.05,3.859,0.069,20,reviewed,us,us
2024-04-22T23:02:43.633Z,23.7163,121.557,9.425,4.5,mwr,81,73,0.401,0.58,us,us6000mt33,2024-07-02T22:12:30.040Z,"29 km S of Hualien City, Taiwan",earthquake,3.44,4.13,0.073,18,reviewed,us,us
2024-04-22T23:16:10.481Z,23.7435,121.5655,14.513,4.3,mb,20,107,0.427,1.14,us,us6000mzyu,2024-07-02T22:12:47.040Z,"26 km S of Hualien City, Taiwan",earthquake,2.96,5.143,0.201,7,reviewed,us,us
2024-04-22T23:17:08.570Z,23.9213,121.5707,9.607,4.2,mb,26,84,0.58,0.44,us,us6000muyh,2024-07-02T22:12:49.040Z,"7 km SSW of Hualien City, Taiwan",earthquake,1.69,5.338,0.136,15,reviewed,us,us
2024-04-22T23:35:39.546Z,23.8217,121.5739,13.451,4.4,mwr,53,79,0.497,0.5,us,us6000mt38,2024-07-02T22:12:36.040Z,"17 km S of Hualien City, Taiwan",earthquake,1.49,4.354,0.071,19,reviewed,us,us
2024-04-22T23:38:44.783Z,23.8423,121.6289,12.673,4.4,mb,41,83,0.541,0.77,us,us6000muyq,2024-07-02T22:12:39.040Z,"15 km S of Hualien City, Taiwan",earthquake,4.05,4.33,0.108,25,reviewed,us,us
2024-04-23T00:03:49.405Z,23.6965,121.6313,19.858,4.5,mb,52,86,0.431,0.87,us,us6000mt3e,2024-07-02T22:12:32.040Z,"31 km S of Hualien City, Taiwan",earthquake,3.5,3.768,0.086,40,reviewed,us,us
2024-04-23T00:04:05.246Z,23.7794,121.6664,12,5.8,mww,275,24,0.513,0.72,us,us6000mt3f,2024-10-09T09:43:10.185Z,"22 km SSE of Hualien City, Taiwan",earthquake,3.04,1.663,0.065,23,reviewed,us,us
2024-04-23T00:10:09.828Z,23.8754,121.5571,15.411,4.7,mb,44,82,0.537,0.62,us,us6000mv82,2024-07-02T22:12:23.040Z,"12 km SSW of Hualien City, Taiwan",earthquake,2.05,4.664,0.106,27,reviewed,us,us
2024-04-23T00:11:02.519Z,23.8813,121.6078,16.257,5,mb,89,70,0.564,0.49,us,us6000mt3i,2024-07-02T22:12:17.040Z,"10 km S of Hualien City, Taiwan",earthquake,3.91,4.102,0.072,62,reviewed,us,us
2024-04-23T00:15:33.560Z,23.8531,121.6688,15.046,4.8,mb,40,80,0.571,0.75,us,us6000mv8c,2024-07-02T22:12:21.040Z,"15 km SSE of Hualien City, Taiwan",earthquake,3.15,4.173,0.113,24,reviewed,us,us
2024-04-23T00:16:29.198Z,23.8561,121.5915,20.575,4.7,mb,53,94,0.535,0.87,us,us6000mv88,2024-07-02T22:12:24.040Z,"13 km S of Hualien City, Taiwan",earthquake,4.5,4.632,0.099,31,reviewed,us,us
2024-04-23T00:55:29.656Z,23.827,121.6141,10.162,4.4,mb,27,86,0.866,0.73,us,us6000mv8d,2024-07-02T22:12:39.040Z,"16 km S of Hualien City, Taiwan",earthquake,2.65,5.8,0.143,14,reviewed,us,us
2024-04-23T01:19:33.257Z,23.821,121.5965,12.455,4.2,mwr,58,71,0.507,0.73,us,us6000mt3t,2024-07-02T22:12:48.040Z,"17 km S of Hualien City, Taiwan",earthquake,2.91,2.44,0.089,12,reviewed,us,us
2024-04-23T01:22:43.489Z,23.844,121.5734,10,4.7,mb,83,70,0.516,0.59,us,us6000mt3z,2024-07-02T22:12:22.040Z,"15 km SSW of Hualien City, Taiwan",earthquake,3.01,1.841,0.073,57,reviewed,us,us
2024-04-23T01:45:45.763Z,23.7806,121.5963,10,4.9,mww,84,80,0.474,0.6,us,us6000mt3y,2024-07-02T22:12:18.040Z,"21 km S of Hualien City, Taiwan",earthquake,1.68,1.785,0.098,10,reviewed,us,us
2024-04-23T02:20:59.665Z,23.8243,121.6339,10,5.1,mww,93,63,0.529,0.71,us,us6000mt40,2024-07-02T22:12:15.040Z,"17 km S of Hualien City, Taiwan",earthquake,1.27,1.759,0.089,12,reviewed,us,us
2024-04-23T02:23:52.859Z,23.8775,121.5453,28.888,4.8,mb,41,84,0.534,0.72,us,us6000mv86,2024-07-02T22:12:21.040Z,"12 km SSW of Hualien City, Taiwan",earthquake,1.82,5.756,0.109,26,reviewed,us,us
2024-04-23T02:27:05.529Z,23.863,121.5598,13.519,4.5,mb,35,85,0.527,0.71,us,us6000mv8h,2024-07-02T22:12:34.040Z,"13 km SSW of Hualien City, Taiwan",earthquake,2.49,4.681,0.128,18,reviewed,us,us
2024-04-23T05:08:05.965Z,23.7311,121.6128,10,4.7,mb,36,88,0.444,1.06,us,us6000mt4m,2024-07-02T22:12:22.040Z,"27 km S of Hualien City, Taiwan",earthquake,4.88,1.895,0.087,40,reviewed,us,us
2024-04-23T11:13:42.106Z,23.8485,121.6244,11.202,4.2,mwr,50,79,0.544,0.5,us,us6000mv8n,2024-07-02T22:12:48.040Z,"14 km S of Hualien City, Taiwan",earthquake,3.45,5.509,0.078,16,reviewed,us,us
2024-04-23T12:40:51.678Z,23.7144,121.6564,10,4.2,mwr,70,38,0.46,0.76,us,us6000mt6n,2024-07-02T22:12:48.040Z,"29 km S of Hualien City, Taiwan",earthquake,4.61,1.874,0.083,14,reviewed,us,us
2024-04-23T16:02:21.045Z,24.0379,121.6973,7.397,4.5,mwr,132,44,0.694,0.62,us,us6000mt7l,2024-07-02T22:12:31.040Z,"11 km NE of Hualien City, Taiwan",earthquake,2.77,3.843,0.062,25,reviewed,us,us
2024-04-23T17:12:14.935Z,23.7521,121.5845,7.499,4,mwr,54,87,0.445,0.67,us,us6000mt8y,2024-07-02T22:12:54.040Z,"24 km S of Hualien City, Taiwan",earthquake,1.54,4.804,0.069,20,reviewed,us,us
2024-04-24T01:46:41.045Z,23.9263,121.7222,10,4.1,mb,21,77,0.659,0.97,us,us6000mtcd,2024-07-02T22:12:52.040Z,"13 km ESE of Hualien City, Taiwan",earthquake,2.21,1.889,0.174,9,reviewed,us,us
2024-04-24T01:53:56.456Z,23.946,121.6896,37.534,4.3,mb,48,84,0.658,0.66,us,us6000mtcg,2024-07-02T22:12:43.040Z,"9 km ESE of Hualien City, Taiwan",earthquake,3.31,8.411,0.102,27,reviewed,us,us
2024-04-24T03:28:24.863Z,23.6927,121.6318,10,4.3,mwr,36,86,0.429,0.77,us,us6000mtdh,2024-07-02T22:12:42.040Z,"31 km S of Hualien City, Taiwan",earthquake,2.32,1.336,0.089,12,reviewed,us,us
2024-04-24T05:01:20.398Z,24.2207,121.9379,10,4.6,mwr,52,78,0.68,0.62,us,us6000mte5,2024-07-02T22:12:25.040Z,"43 km NE of Hualien City, Taiwan",earthquake,3.04,1.845,0.066,22,reviewed,us,us
2024-04-24T07:30:53.251Z,23.7499,121.5972,15.421,4.9,mb,58,45,0.45,0.88,us,us6000mtey,2024-07-02T22:12:18.040Z,"25 km S of Hualien City, Taiwan",earthquake,3.93,4.062,0.057,96,reviewed,us,us
2024-04-24T16:59:57.074Z,23.9321,122.3632,25.284,4.6,mwr,83,90,0.796,0.75,us,us6000mthi,2024-07-02T22:12:25.040Z,"77 km E of Hualien City, Taiwan",earthquake,3.59,4.903,0.063,24,reviewed,us,us
2024-04-24T17:06:49.644Z,23.9331,122.3285,29.786,4.3,mb,27,60,0.819,0.52,us,us6000mvt9,2024-07-02T22:12:45.040Z,"73 km E of Hualien City, Taiwan",earthquake,1.96,5.549,0.177,9,reviewed,us,us
2024-04-24T18:11:56.126Z,23.9696,122.2944,35.376,5.1,mww,178,50,0.821,0.7,us,us6000mthz,2024-07-02T22:12:15.040Z,"70 km E of Hualien City, Taiwan",earthquake,1.75,4.403,0.066,22,reviewed,us,us
2024-04-24T18:12:16.908Z,24.0007,122.2704,27.095,5.3,mb,98,70,0.82,0.93,us,us6000mvti,2024-07-02T22:12:13.040Z,"67 km E of Hualien City, Taiwan",earthquake,6.36,2.538,0.065,79,reviewed,us,us
2024-04-24T19:19:33.585Z,23.9458,122.2905,19.123,4.2,mb,35,149,0.838,0.57,us,us6000mvtf,2024-07-02T22:12:50.040Z,"69 km E of Hualien City, Taiwan",earthquake,2.71,4.597,0.147,13,reviewed,us,us
2024-04-24T23:53:33.982Z,23.8965,121.6256,13.362,4,mwr,43,84,0.585,0.56,us,us6000mtkp,2024-07-02T22:12:55.040Z,"9 km SSE of Hualien City, Taiwan",earthquake,1.76,4.247,0.066,22,reviewed,us,us
2024-04-25T00:19:12.973Z,23.6536,121.6402,10.888,4.6,mb,66,47,0.408,0.8,us,us6000mtkr,2024-07-02T22:12:26.040Z,"35 km S of Hualien City, Taiwan",earthquake,2.53,4.256,0.087,40,reviewed,us,us
2024-04-25T00:48:19.664Z,23.6549,121.6154,23.538,4.2,mb,16,137,0.392,1,us,us6000mw02,2024-07-02T22:12:50.040Z,"35 km S of Hualien City, Taiwan",earthquake,3.15,5.834,0.235,5,reviewed,us,us
2024-04-25T01:23:20.163Z,23.8115,121.6576,10,4.2,mwr,96,80,0.532,0.64,us,us6000mtl2,2024-07-02T22:12:48.040Z,"19 km SSE of Hualien City, Taiwan",earthquake,3.03,1.808,0.093,11,reviewed,us,us
2024-04-25T09:03:31.890Z,23.8904,121.7748,27.492,4.3,mb,38,49,0.661,0.6,us,us6000mw0l,2024-07-02T22:12:46.040Z,"19 km ESE of Hualien City, Taiwan",earthquake,2.36,5.417,0.129,17,reviewed,us,us
2024-04-26T12:28:12.818Z,23.7816,121.5626,10,4.6,mwr,54,81,0.458,1.08,us,us6000mu01,2024-07-02T22:12:25.040Z,"22 km S of Hualien City, Taiwan",earthquake,3.26,1.858,0.078,16,reviewed,us,us
2024-04-26T18:21:23.639Z,24.1531,121.6724,37.767,5.7,mww,259,22,0.581,0.54,us,us6000mu3y,2024-10-09T09:25:18.674Z,"20 km NNE of Hualien City, Taiwan",earthquake,3.55,3.34,0.05,38,reviewed,us,us
2024-04-26T18:45:04.404Z,24.1703,121.644,37.936,4.3,mb,88,48,0.554,0.59,us,us6000mu4e,2024-07-02T22:12:43.040Z,"21 km N of Hualien City, Taiwan",earthquake,3.29,7.126,0.07,65,reviewed,us,us
2024-04-26T18:49:29.534Z,24.2394,121.6724,40.475,5.2,mww,252,21,0.506,0.76,us,us6000mu45,2024-07-02T22:12:13.040Z,"29 km NNE of Hualien City, Taiwan",earthquake,3.43,3.036,0.063,24,reviewed,us,us
2024-04-26T19:13:27.955Z,24.1588,121.6576,37.109,4.4,mwr,110,33,0.57,0.56,us,us6000mu4c,2024-07-02T22:12:36.040Z,"20 km NNE of Hualien City, Taiwan",earthquake,3.27,5.619,0.06,27,reviewed,us,us
2024-04-26T20:08:15.447Z,24.0607,122.0059,24.687,4.5,mwr,83,75,0.835,0.62,us,us6000mu4m,2024-07-02T22:12:31.040Z,"41 km ENE of Hualien City, Taiwan",earthquake,1.03,4.752,0.062,25,reviewed,us,us
2024-04-27T01:06:26.880Z,24.1699,121.6816,21.52,4.3,mb,44,78,0.57,0.68,us,us6000mu5v,2024-07-02T22:12:43.040Z,"22 km NNE of Hualien City, Taiwan",earthquake,2.28,5.451,0.109,24,reviewed,us,us
2024-04-28T08:13:49.168Z,24.2036,121.6777,35.668,4.1,mwr,37,62,0.539,0.56,us,us6000mukh,2024-07-02T22:12:52.040Z,"26 km NNE of Hualien City, Taiwan",earthquake,3.66,6.571,0.063,24,reviewed,us,us
2024-04-28T17:40:21.212Z,24.1161,121.6919,39.701,4.4,mwr,49,73,0.622,0.66,us,us6000muph,2024-07-02T22:12:37.040Z,"17 km NNE of Hualien City, Taiwan",earthquake,2.5,6.271,0.06,27,reviewed,us,us
2024-04-29T16:21:46.288Z,24.0661,121.6656,24.534,4.2,mwr,63,78,0.656,0.79,us,us6000muxm,2024-07-15T03:58:54.040Z,"11 km NNE of Hualien City, Taiwan",earthquake,3.17,4.627,0.06,27,reviewed,us,us
2024-04-30T04:07:48.359Z,24.1504,121.6864,37.744,4.4,mb,40,79,0.589,0.69,us,us6000mx6d,2024-07-15T03:58:49.040Z,"20 km NNE of Hualien City, Taiwan",earthquake,3.05,8.597,0.107,25,reviewed,us,us
2024-04-30T09:35:30.575Z,23.7767,121.258,6.764,4.1,mwr,54,71,0.279,0.52,us,us6000mv5m,2024-07-15T03:58:47.040Z,"36 km SE of Puli, Taiwan",earthquake,4.77,4.993,0.086,13,reviewed,us,us
2024-04-30T13:58:06.406Z,23.7022,121.525,16.961,4.7,mb,39,88,0.373,0.67,us,us6000mx74,2024-07-15T03:58:45.040Z,"31 km SSW of Hualien City, Taiwan",earthquake,2.96,4.414,0.114,25,reviewed,us,us
